ID,post_content,post_title,post_excerpt,post_status,_wp_attachment_image_alt,post_parent
141,"[savethepost savepost=""post_content""][gemini model=""gemini-1.5-pro"" br=""false"" savepost=""showonly""]Buat artikel menjelaskan pentingnya [field title] pada website
Jangan gunakan kontak.
Gunakan format html bootstrap 3, jangan gunakan tag <!DOCTYPE html>, <html>, <head>, <meta>,<title>,<body>, <h1> <header>,<footer>,<code>,<style>
Jangan tambahkan script dan style eksternal, karena website sudah menggunakan font awesome dan bootstrap3.[field title][/gemini][/savethepost]",Jasa Foto Grafis AI,"Buat paragraf tentang [field title] dalam hubungannya tentang jasa website
[savethepost savepost=""post_excerpt""][gemini br=false model=""gemini-1.5-pro"" savepost=""showonly""]Buat paragraf tentang [field title] dalam hubungannya tentang jasa website[/gemini][/savethepost]",publish,"Buat sebuah kalimat tentang [field title] dalam hubungannya tentang jasa website
[savethepost savepost=""_wp_attachment_image_alt""][gemini br=false model=""gemini-1.5-pro"" savepost=""showonly""]Buat sebuah kalimat tentang [field title] dalam hubungannya tentang jasa website[/gemini][/savethepost]",35
142,"[savethepost savepost=""post_content""][gemini model=""gemini-1.5-pro"" br=""false"" savepost=""showonly""]Buat artikel menjelaskan pentingnya [field title] pada website
Jangan gunakan kontak.
Gunakan format html bootstrap 3, jangan gunakan tag <!DOCTYPE html>, <html>, <head>, <meta>,<title>,<body>, <h1> <header>,<footer>,<code>,<style>
Jangan tambahkan script dan style eksternal, karena website sudah menggunakan font awesome dan bootstrap3.[field title][/gemini][/savethepost]",Jasa Iklan Google Ads,"Buat paragraf tentang [field title] dalam hubungannya tentang jasa website
[savethepost savepost=""post_excerpt""][gemini br=false model=""gemini-1.5-pro"" savepost=""showonly""]Buat paragraf tentang [field title] dalam hubungannya tentang jasa website[/gemini][/savethepost]",publish,"Buat sebuah kalimat tentang [field title] dalam hubungannya tentang jasa website
[savethepost savepost=""_wp_attachment_image_alt""][gemini br=false model=""gemini-1.5-pro"" savepost=""showonly""]Buat sebuah kalimat tentang [field title] dalam hubungannya tentang jasa website[/gemini][/savethepost]",36
143,"[savethepost savepost=""post_content""][gemini model=""gemini-1.5-pro"" br=""false"" savepost=""showonly""]Buat artikel menjelaskan pentingnya [field title] pada website
Jangan gunakan kontak.
Gunakan format html bootstrap 3, jangan gunakan tag <!DOCTYPE html>, <html>, <head>, <meta>,<title>,<body>, <h1> <header>,<footer>,<code>,<style>
Jangan tambahkan script dan style eksternal, karena website sudah menggunakan font awesome dan bootstrap3.[field title][/gemini][/savethepost]",Jasa Iklan Sosial Media,"Buat paragraf tentang [field title] dalam hubungannya tentang jasa website
[savethepost savepost=""post_excerpt""][gemini br=false model=""gemini-1.5-pro"" savepost=""showonly""]Buat paragraf tentang [field title] dalam hubungannya tentang jasa website[/gemini][/savethepost]",publish,"Buat sebuah kalimat tentang [field title] dalam hubungannya tentang jasa website
[savethepost savepost=""_wp_attachment_image_alt""][gemini br=false model=""gemini-1.5-pro"" savepost=""showonly""]Buat sebuah kalimat tentang [field title] dalam hubungannya tentang jasa website[/gemini][/savethepost]",38
144,"[savethepost savepost=""post_content""][gemini model=""gemini-1.5-pro"" br=""false"" savepost=""showonly""]Buat artikel menjelaskan pentingnya [field title] pada website
Jangan gunakan kontak.
Gunakan format html bootstrap 3, jangan gunakan tag <!DOCTYPE html>, <html>, <head>, <meta>,<title>,<body>, <h1> <header>,<footer>,<code>,<style>
Jangan tambahkan script dan style eksternal, karena website sudah menggunakan font awesome dan bootstrap3.[field title][/gemini][/savethepost]",Jasa Pembuatan Website Komunitas,"Buat paragraf tentang [field title] dalam hubungannya tentang jasa website
[savethepost savepost=""post_excerpt""][gemini br=false model=""gemini-1.5-pro"" savepost=""showonly""]Buat paragraf tentang [field title] dalam hubungannya tentang jasa website[/gemini][/savethepost]",publish,"Buat sebuah kalimat tentang [field title] dalam hubungannya tentang jasa website
[savethepost savepost=""_wp_attachment_image_alt""][gemini br=false model=""gemini-1.5-pro"" savepost=""showonly""]Buat sebuah kalimat tentang [field title] dalam hubungannya tentang jasa website[/gemini][/savethepost]",12
145,"[savethepost savepost=""post_content""][gemini model=""gemini-1.5-pro"" br=""false"" savepost=""showonly""]Buat artikel menjelaskan pentingnya [field title] pada website
Jangan gunakan kontak.
Gunakan format html bootstrap 3, jangan gunakan tag <!DOCTYPE html>, <html>, <head>, <meta>,<title>,<body>, <h1> <header>,<footer>,<code>,<style>
Jangan tambahkan script dan style eksternal, karena website sudah menggunakan font awesome dan bootstrap3.[field title][/gemini][/savethepost]",Jasa Pembuatan Website Landing Page,"Buat paragraf tentang [field title] dalam hubungannya tentang jasa website
[savethepost savepost=""post_excerpt""][gemini br=false model=""gemini-1.5-pro"" savepost=""showonly""]Buat paragraf tentang [field title] dalam hubungannya tentang jasa website[/gemini][/savethepost]",publish,"Buat sebuah kalimat tentang [field title] dalam hubungannya tentang jasa website
[savethepost savepost=""_wp_attachment_image_alt""][gemini br=false model=""gemini-1.5-pro"" savepost=""showonly""]Buat sebuah kalimat tentang [field title] dalam hubungannya tentang jasa website[/gemini][/savethepost]",13
146,"[savethepost savepost=""post_content""][gemini model=""gemini-1.5-pro"" br=""false"" savepost=""showonly""]Buat artikel menjelaskan pentingnya [field title] pada website
Jangan gunakan kontak.
Gunakan format html bootstrap 3, jangan gunakan tag <!DOCTYPE html>, <html>, <head>, <meta>,<title>,<body>, <h1> <header>,<footer>,<code>,<style>
Jangan tambahkan script dan style eksternal, karena website sudah menggunakan font awesome dan bootstrap3.[field title][/gemini][/savethepost]",Jasa Pembuatan Website Toko Online Ecommerce,"Buat paragraf tentang [field title] dalam hubungannya tentang jasa website
[savethepost savepost=""post_excerpt""][gemini br=false model=""gemini-1.5-pro"" savepost=""showonly""]Buat paragraf tentang [field title] dalam hubungannya tentang jasa website[/gemini][/savethepost]",publish,"Buat sebuah kalimat tentang [field title] dalam hubungannya tentang jasa website
[savethepost savepost=""_wp_attachment_image_alt""][gemini br=false model=""gemini-1.5-pro"" savepost=""showonly""]Buat sebuah kalimat tentang [field title] dalam hubungannya tentang jasa website[/gemini][/savethepost]",7
147,"[savethepost savepost=""post_content""][gemini model=""gemini-1.5-pro"" br=""false"" savepost=""showonly""]Buat artikel menjelaskan pentingnya [field title] pada website
Jangan gunakan kontak.
Gunakan format html bootstrap 3, jangan gunakan tag <!DOCTYPE html>, <html>, <head>, <meta>,<title>,<body>, <h1> <header>,<footer>,<code>,<style>
Jangan tambahkan script dan style eksternal, karena website sudah menggunakan font awesome dan bootstrap3.[field title][/gemini][/savethepost]",Jasa Sosial Media Facebook Instagram Tiktok,"Buat paragraf tentang [field title] dalam hubungannya tentang jasa website
[savethepost savepost=""post_excerpt""][gemini br=false model=""gemini-1.5-pro"" savepost=""showonly""]Buat paragraf tentang [field title] dalam hubungannya tentang jasa website[/gemini][/savethepost]",publish,"Buat sebuah kalimat tentang [field title] dalam hubungannya tentang jasa website
[savethepost savepost=""_wp_attachment_image_alt""][gemini br=false model=""gemini-1.5-pro"" savepost=""showonly""]Buat sebuah kalimat tentang [field title] dalam hubungannya tentang jasa website[/gemini][/savethepost]",37
148,"[savethepost savepost=""post_content""][gemini model=""gemini-1.5-pro"" br=""false"" savepost=""showonly""]Buat artikel menjelaskan pentingnya [field title] pada website
Jangan gunakan kontak.
Gunakan format html bootstrap 3, jangan gunakan tag <!DOCTYPE html>, <html>, <head>, <meta>,<title>,<body>, <h1> <header>,<footer>,<code>,<style>
Jangan tambahkan script dan style eksternal, karena website sudah menggunakan font awesome dan bootstrap3.[field title][/gemini][/savethepost]",Jasa Web SEO,"Buat paragraf tentang [field title] dalam hubungannya tentang jasa website
[savethepost savepost=""post_excerpt""][gemini br=false model=""gemini-1.5-pro"" savepost=""showonly""]Buat paragraf tentang [field title] dalam hubungannya tentang jasa website[/gemini][/savethepost]",publish,"Buat sebuah kalimat tentang [field title] dalam hubungannya tentang jasa website
[savethepost savepost=""_wp_attachment_image_alt""][gemini br=false model=""gemini-1.5-pro"" savepost=""showonly""]Buat sebuah kalimat tentang [field title] dalam hubungannya tentang jasa website[/gemini][/savethepost]",25
149,"[savethepost savepost=""post_content""][gemini model=""gemini-1.5-pro"" br=""false"" savepost=""showonly""]Buat artikel menjelaskan pentingnya [field title] pada website
Jangan gunakan kontak.
Gunakan format html bootstrap 3, jangan gunakan tag <!DOCTYPE html>, <html>, <head>, <meta>,<title>,<body>, <h1> <header>,<footer>,<code>,<style>
Jangan tambahkan script dan style eksternal, karena website sudah menggunakan font awesome dan bootstrap3.[field title][/gemini][/savethepost]",Jasa Website Analisa Analytics,"Buat paragraf tentang [field title] dalam hubungannya tentang jasa website
[savethepost savepost=""post_excerpt""][gemini br=false model=""gemini-1.5-pro"" savepost=""showonly""]Buat paragraf tentang [field title] dalam hubungannya tentang jasa website[/gemini][/savethepost]",publish,"Buat sebuah kalimat tentang [field title] dalam hubungannya tentang jasa website
[savethepost savepost=""_wp_attachment_image_alt""][gemini br=false model=""gemini-1.5-pro"" savepost=""showonly""]Buat sebuah kalimat tentang [field title] dalam hubungannya tentang jasa website[/gemini][/savethepost]",14
150,"[savethepost savepost=""post_content""][gemini model=""gemini-1.5-pro"" br=""false"" savepost=""showonly""]Buat artikel menjelaskan pentingnya [field title] pada website
Jangan gunakan kontak.
Gunakan format html bootstrap 3, jangan gunakan tag <!DOCTYPE html>, <html>, <head>, <meta>,<title>,<body>, <h1> <header>,<footer>,<code>,<style>
Jangan tambahkan script dan style eksternal, karena website sudah menggunakan font awesome dan bootstrap3.[field title][/gemini][/savethepost]",Jasa Website Animasi,"Buat paragraf tentang [field title] dalam hubungannya tentang jasa website
[savethepost savepost=""post_excerpt""][gemini br=false model=""gemini-1.5-pro"" savepost=""showonly""]Buat paragraf tentang [field title] dalam hubungannya tentang jasa website[/gemini][/savethepost]",publish,"Buat sebuah kalimat tentang [field title] dalam hubungannya tentang jasa website
[savethepost savepost=""_wp_attachment_image_alt""][gemini br=false model=""gemini-1.5-pro"" savepost=""showonly""]Buat sebuah kalimat tentang [field title] dalam hubungannya tentang jasa website[/gemini][/savethepost]",29
151,"[savethepost savepost=""post_content""][gemini model=""gemini-1.5-pro"" br=""false"" savepost=""showonly""]Buat artikel menjelaskan pentingnya [field title] pada website
Jangan gunakan kontak.
Gunakan format html bootstrap 3, jangan gunakan tag <!DOCTYPE html>, <html>, <head>, <meta>,<title>,<body>, <h1> <header>,<footer>,<code>,<style>
Jangan tambahkan script dan style eksternal, karena website sudah menggunakan font awesome dan bootstrap3.[field title][/gemini][/savethepost]",Jasa Website Blog Berita Informasi Artikel,"Buat paragraf tentang [field title] dalam hubungannya tentang jasa website
[savethepost savepost=""post_excerpt""][gemini br=false model=""gemini-1.5-pro"" savepost=""showonly""]Buat paragraf tentang [field title] dalam hubungannya tentang jasa website[/gemini][/savethepost]",publish,"Buat sebuah kalimat tentang [field title] dalam hubungannya tentang jasa website
[savethepost savepost=""_wp_attachment_image_alt""][gemini br=false model=""gemini-1.5-pro"" savepost=""showonly""]Buat sebuah kalimat tentang [field title] dalam hubungannya tentang jasa website[/gemini][/savethepost]",15
152,"[savethepost savepost=""post_content""][gemini model=""gemini-1.5-pro"" br=""false"" savepost=""showonly""]Buat artikel menjelaskan pentingnya [field title] pada website
Jangan gunakan kontak.
Gunakan format html bootstrap 3, jangan gunakan tag <!DOCTYPE html>, <html>, <head>, <meta>,<title>,<body>, <h1> <header>,<footer>,<code>,<style>
Jangan tambahkan script dan style eksternal, karena website sudah menggunakan font awesome dan bootstrap3.[field title][/gemini][/savethepost]",Jasa Website Blog,"Buat paragraf tentang [field title] dalam hubungannya tentang jasa website
[savethepost savepost=""post_excerpt""][gemini br=false model=""gemini-1.5-pro"" savepost=""showonly""]Buat paragraf tentang [field title] dalam hubungannya tentang jasa website[/gemini][/savethepost]",publish,"Buat sebuah kalimat tentang [field title] dalam hubungannya tentang jasa website
[savethepost savepost=""_wp_attachment_image_alt""][gemini br=false model=""gemini-1.5-pro"" savepost=""showonly""]Buat sebuah kalimat tentang [field title] dalam hubungannya tentang jasa website[/gemini][/savethepost]",8
153,"[savethepost savepost=""post_content""][gemini model=""gemini-1.5-pro"" br=""false"" savepost=""showonly""]Buat artikel menjelaskan pentingnya [field title] pada website
Jangan gunakan kontak.
Gunakan format html bootstrap 3, jangan gunakan tag <!DOCTYPE html>, <html>, <head>, <meta>,<title>,<body>, <h1> <header>,<footer>,<code>,<style>
Jangan tambahkan script dan style eksternal, karena website sudah menggunakan font awesome dan bootstrap3.[field title][/gemini][/savethepost]",Jasa Website CTA,"Buat paragraf tentang [field title] dalam hubungannya tentang jasa website
[savethepost savepost=""post_excerpt""][gemini br=false model=""gemini-1.5-pro"" savepost=""showonly""]Buat paragraf tentang [field title] dalam hubungannya tentang jasa website[/gemini][/savethepost]",publish,"Buat sebuah kalimat tentang [field title] dalam hubungannya tentang jasa website
[savethepost savepost=""_wp_attachment_image_alt""][gemini br=false model=""gemini-1.5-pro"" savepost=""showonly""]Buat sebuah kalimat tentang [field title] dalam hubungannya tentang jasa website[/gemini][/savethepost]",16
154,"[savethepost savepost=""post_content""][gemini model=""gemini-1.5-pro"" br=""false"" savepost=""showonly""]Buat artikel menjelaskan pentingnya [field title] pada website
Jangan gunakan kontak.
Gunakan format html bootstrap 3, jangan gunakan tag <!DOCTYPE html>, <html>, <head>, <meta>,<title>,<body>, <h1> <header>,<footer>,<code>,<style>
Jangan tambahkan script dan style eksternal, karena website sudah menggunakan font awesome dan bootstrap3.[field title][/gemini][/savethepost]",Jasa Website Content AI,"Buat paragraf tentang [field title] dalam hubungannya tentang jasa website
[savethepost savepost=""post_excerpt""][gemini br=false model=""gemini-1.5-pro"" savepost=""showonly""]Buat paragraf tentang [field title] dalam hubungannya tentang jasa website[/gemini][/savethepost]",publish,"Buat sebuah kalimat tentang [field title] dalam hubungannya tentang jasa website
[savethepost savepost=""_wp_attachment_image_alt""][gemini br=false model=""gemini-1.5-pro"" savepost=""showonly""]Buat sebuah kalimat tentang [field title] dalam hubungannya tentang jasa website[/gemini][/savethepost]",34
155,"[savethepost savepost=""post_content""][gemini model=""gemini-1.5-pro"" br=""false"" savepost=""showonly""]Buat artikel menjelaskan pentingnya [field title] pada website
Jangan gunakan kontak.
Gunakan format html bootstrap 3, jangan gunakan tag <!DOCTYPE html>, <html>, <head>, <meta>,<title>,<body>, <h1> <header>,<footer>,<code>,<style>
Jangan tambahkan script dan style eksternal, karena website sudah menggunakan font awesome dan bootstrap3.[field title][/gemini][/savethepost]",Jasa Website Database,"Buat paragraf tentang [field title] dalam hubungannya tentang jasa website
[savethepost savepost=""post_excerpt""][gemini br=false model=""gemini-1.5-pro"" savepost=""showonly""]Buat paragraf tentang [field title] dalam hubungannya tentang jasa website[/gemini][/savethepost]",publish,"Buat sebuah kalimat tentang [field title] dalam hubungannya tentang jasa website
[savethepost savepost=""_wp_attachment_image_alt""][gemini br=false model=""gemini-1.5-pro"" savepost=""showonly""]Buat sebuah kalimat tentang [field title] dalam hubungannya tentang jasa website[/gemini][/savethepost]",17
156,"[savethepost savepost=""post_content""][gemini model=""gemini-1.5-pro"" br=""false"" savepost=""showonly""]Buat artikel menjelaskan pentingnya [field title] pada website
Jangan gunakan kontak.
Gunakan format html bootstrap 3, jangan gunakan tag <!DOCTYPE html>, <html>, <head>, <meta>,<title>,<body>, <h1> <header>,<footer>,<code>,<style>
Jangan tambahkan script dan style eksternal, karena website sudah menggunakan font awesome dan bootstrap3.[field title][/gemini][/savethepost]",Jasa Website Desain Grafis,"Buat paragraf tentang [field title] dalam hubungannya tentang jasa website
[savethepost savepost=""post_excerpt""][gemini br=false model=""gemini-1.5-pro"" savepost=""showonly""]Buat paragraf tentang [field title] dalam hubungannya tentang jasa website[/gemini][/savethepost]",publish,"Buat sebuah kalimat tentang [field title] dalam hubungannya tentang jasa website
[savethepost savepost=""_wp_attachment_image_alt""][gemini br=false model=""gemini-1.5-pro"" savepost=""showonly""]Buat sebuah kalimat tentang [field title] dalam hubungannya tentang jasa website[/gemini][/savethepost]",30
157,"[savethepost savepost=""post_content""][gemini model=""gemini-1.5-pro"" br=""false"" savepost=""showonly""]Buat artikel menjelaskan pentingnya [field title] pada website
Jangan gunakan kontak.
Gunakan format html bootstrap 3, jangan gunakan tag <!DOCTYPE html>, <html>, <head>, <meta>,<title>,<body>, <h1> <header>,<footer>,<code>,<style>
Jangan tambahkan script dan style eksternal, karena website sudah menggunakan font awesome dan bootstrap3.[field title][/gemini][/savethepost]",Jasa Website Desain Responsif Ponsel Tablet Laptop,"Buat paragraf tentang [field title] dalam hubungannya tentang jasa website
[savethepost savepost=""post_excerpt""][gemini br=false model=""gemini-1.5-pro"" savepost=""showonly""]Buat paragraf tentang [field title] dalam hubungannya tentang jasa website[/gemini][/savethepost]",publish,"Buat sebuah kalimat tentang [field title] dalam hubungannya tentang jasa website
[savethepost savepost=""_wp_attachment_image_alt""][gemini br=false model=""gemini-1.5-pro"" savepost=""showonly""]Buat sebuah kalimat tentang [field title] dalam hubungannya tentang jasa website[/gemini][/savethepost]",31
158,"[savethepost savepost=""post_content""][gemini model=""gemini-1.5-pro"" br=""false"" savepost=""showonly""]Buat artikel menjelaskan pentingnya [field title] pada website
Jangan gunakan kontak.
Gunakan format html bootstrap 3, jangan gunakan tag <!DOCTYPE html>, <html>, <head>, <meta>,<title>,<body>, <h1> <header>,<footer>,<code>,<style>
Jangan tambahkan script dan style eksternal, karena website sudah menggunakan font awesome dan bootstrap3.[field title][/gemini][/savethepost]",Jasa Website Edit Foto,"Buat paragraf tentang [field title] dalam hubungannya tentang jasa website
[savethepost savepost=""post_excerpt""][gemini br=false model=""gemini-1.5-pro"" savepost=""showonly""]Buat paragraf tentang [field title] dalam hubungannya tentang jasa website[/gemini][/savethepost]",publish,"Buat sebuah kalimat tentang [field title] dalam hubungannya tentang jasa website
[savethepost savepost=""_wp_attachment_image_alt""][gemini br=false model=""gemini-1.5-pro"" savepost=""showonly""]Buat sebuah kalimat tentang [field title] dalam hubungannya tentang jasa website[/gemini][/savethepost]",33
159,"[savethepost savepost=""post_content""][gemini model=""gemini-1.5-pro"" br=""false"" savepost=""showonly""]Buat artikel menjelaskan pentingnya [field title] pada website
Jangan gunakan kontak.
Gunakan format html bootstrap 3, jangan gunakan tag <!DOCTYPE html>, <html>, <head>, <meta>,<title>,<body>, <h1> <header>,<footer>,<code>,<style>
Jangan tambahkan script dan style eksternal, karena website sudah menggunakan font awesome dan bootstrap3.[field title][/gemini][/savethepost]",Jasa Website Edit Video,"Buat paragraf tentang [field title] dalam hubungannya tentang jasa website
[savethepost savepost=""post_excerpt""][gemini br=false model=""gemini-1.5-pro"" savepost=""showonly""]Buat paragraf tentang [field title] dalam hubungannya tentang jasa website[/gemini][/savethepost]",publish,"Buat sebuah kalimat tentang [field title] dalam hubungannya tentang jasa website
[savethepost savepost=""_wp_attachment_image_alt""][gemini br=false model=""gemini-1.5-pro"" savepost=""showonly""]Buat sebuah kalimat tentang [field title] dalam hubungannya tentang jasa website[/gemini][/savethepost]",28
160,"[savethepost savepost=""post_content""][gemini model=""gemini-1.5-pro"" br=""false"" savepost=""showonly""]Buat artikel menjelaskan pentingnya [field title] pada website
Jangan gunakan kontak.
Gunakan format html bootstrap 3, jangan gunakan tag <!DOCTYPE html>, <html>, <head>, <meta>,<title>,<body>, <h1> <header>,<footer>,<code>,<style>
Jangan tambahkan script dan style eksternal, karena website sudah menggunakan font awesome dan bootstrap3.[field title][/gemini][/savethepost]",Jasa Website Formulir Pendaftan Kontak,"Buat paragraf tentang [field title] dalam hubungannya tentang jasa website
[savethepost savepost=""post_excerpt""][gemini br=false model=""gemini-1.5-pro"" savepost=""showonly""]Buat paragraf tentang [field title] dalam hubungannya tentang jasa website[/gemini][/savethepost]",publish,"Buat sebuah kalimat tentang [field title] dalam hubungannya tentang jasa website
[savethepost savepost=""_wp_attachment_image_alt""][gemini br=false model=""gemini-1.5-pro"" savepost=""showonly""]Buat sebuah kalimat tentang [field title] dalam hubungannya tentang jasa website[/gemini][/savethepost]",18
161,"[savethepost savepost=""post_content""][gemini model=""gemini-1.5-pro"" br=""false"" savepost=""showonly""]Buat artikel menjelaskan pentingnya [field title] pada website
Jangan gunakan kontak.
Gunakan format html bootstrap 3, jangan gunakan tag <!DOCTYPE html>, <html>, <head>, <meta>,<title>,<body>, <h1> <header>,<footer>,<code>,<style>
Jangan tambahkan script dan style eksternal, karena website sudah menggunakan font awesome dan bootstrap3.[field title][/gemini][/savethepost]",Jasa Website Fotografi Video Desain Grafis,"Buat paragraf tentang [field title] dalam hubungannya tentang jasa website
[savethepost savepost=""post_excerpt""][gemini br=false model=""gemini-1.5-pro"" savepost=""showonly""]Buat paragraf tentang [field title] dalam hubungannya tentang jasa website[/gemini][/savethepost]",publish,"Buat sebuah kalimat tentang [field title] dalam hubungannya tentang jasa website
[savethepost savepost=""_wp_attachment_image_alt""][gemini br=false model=""gemini-1.5-pro"" savepost=""showonly""]Buat sebuah kalimat tentang [field title] dalam hubungannya tentang jasa website[/gemini][/savethepost]",39
162,"[savethepost savepost=""post_content""][gemini model=""gemini-1.5-pro"" br=""false"" savepost=""showonly""]Buat artikel menjelaskan pentingnya [field title] pada website
Jangan gunakan kontak.
Gunakan format html bootstrap 3, jangan gunakan tag <!DOCTYPE html>, <html>, <head>, <meta>,<title>,<body>, <h1> <header>,<footer>,<code>,<style>
Jangan tambahkan script dan style eksternal, karena website sudah menggunakan font awesome dan bootstrap3.[field title][/gemini][/savethepost]",Jasa Website Galeri,"Buat paragraf tentang [field title] dalam hubungannya tentang jasa website
[savethepost savepost=""post_excerpt""][gemini br=false model=""gemini-1.5-pro"" savepost=""showonly""]Buat paragraf tentang [field title] dalam hubungannya tentang jasa website[/gemini][/savethepost]",publish,"Buat sebuah kalimat tentang [field title] dalam hubungannya tentang jasa website
[savethepost savepost=""_wp_attachment_image_alt""][gemini br=false model=""gemini-1.5-pro"" savepost=""showonly""]Buat sebuah kalimat tentang [field title] dalam hubungannya tentang jasa website[/gemini][/savethepost]",26
163,"[savethepost savepost=""post_content""][gemini model=""gemini-1.5-pro"" br=""false"" savepost=""showonly""]Buat artikel menjelaskan pentingnya [field title] pada website
Jangan gunakan kontak.
Gunakan format html bootstrap 3, jangan gunakan tag <!DOCTYPE html>, <html>, <head>, <meta>,<title>,<body>, <h1> <header>,<footer>,<code>,<style>
Jangan tambahkan script dan style eksternal, karena website sudah menggunakan font awesome dan bootstrap3.[field title][/gemini][/savethepost]",Jasa Website Integrasi Sosial Media,"Buat paragraf tentang [field title] dalam hubungannya tentang jasa website
[savethepost savepost=""post_excerpt""][gemini br=false model=""gemini-1.5-pro"" savepost=""showonly""]Buat paragraf tentang [field title] dalam hubungannya tentang jasa website[/gemini][/savethepost]",publish,"Buat sebuah kalimat tentang [field title] dalam hubungannya tentang jasa website
[savethepost savepost=""_wp_attachment_image_alt""][gemini br=false model=""gemini-1.5-pro"" savepost=""showonly""]Buat sebuah kalimat tentang [field title] dalam hubungannya tentang jasa website[/gemini][/savethepost]",19
164,"[savethepost savepost=""post_content""][gemini model=""gemini-1.5-pro"" br=""false"" savepost=""showonly""]Buat artikel menjelaskan pentingnya [field title] pada website
Jangan gunakan kontak.
Gunakan format html bootstrap 3, jangan gunakan tag <!DOCTYPE html>, <html>, <head>, <meta>,<title>,<body>, <h1> <header>,<footer>,<code>,<style>
Jangan tambahkan script dan style eksternal, karena website sudah menggunakan font awesome dan bootstrap3.[field title][/gemini][/savethepost]",Jasa Website Kemanan Security,"Buat paragraf tentang [field title] dalam hubungannya tentang jasa website
[savethepost savepost=""post_excerpt""][gemini br=false model=""gemini-1.5-pro"" savepost=""showonly""]Buat paragraf tentang [field title] dalam hubungannya tentang jasa website[/gemini][/savethepost]",publish,"Buat sebuah kalimat tentang [field title] dalam hubungannya tentang jasa website
[savethepost savepost=""_wp_attachment_image_alt""][gemini br=false model=""gemini-1.5-pro"" savepost=""showonly""]Buat sebuah kalimat tentang [field title] dalam hubungannya tentang jasa website[/gemini][/savethepost]",20
165,"[savethepost savepost=""post_content""][gemini model=""gemini-1.5-pro"" br=""false"" savepost=""showonly""]Buat artikel menjelaskan pentingnya [field title] pada website
Jangan gunakan kontak.
Gunakan format html bootstrap 3, jangan gunakan tag <!DOCTYPE html>, <html>, <head>, <meta>,<title>,<body>, <h1> <header>,<footer>,<code>,<style>
Jangan tambahkan script dan style eksternal, karena website sudah menggunakan font awesome dan bootstrap3.[field title][/gemini][/savethepost]",Jasa Website Map Peta,"Buat paragraf tentang [field title] dalam hubungannya tentang jasa website
[savethepost savepost=""post_excerpt""][gemini br=false model=""gemini-1.5-pro"" savepost=""showonly""]Buat paragraf tentang [field title] dalam hubungannya tentang jasa website[/gemini][/savethepost]",publish,"Buat sebuah kalimat tentang [field title] dalam hubungannya tentang jasa website
[savethepost savepost=""_wp_attachment_image_alt""][gemini br=false model=""gemini-1.5-pro"" savepost=""showonly""]Buat sebuah kalimat tentang [field title] dalam hubungannya tentang jasa website[/gemini][/savethepost]",24
166,"[savethepost savepost=""post_content""][gemini model=""gemini-1.5-pro"" br=""false"" savepost=""showonly""]Buat artikel menjelaskan pentingnya [field title] pada website
Jangan gunakan kontak.
Gunakan format html bootstrap 3, jangan gunakan tag <!DOCTYPE html>, <html>, <head>, <meta>,<title>,<body>, <h1> <header>,<footer>,<code>,<style>
Jangan tambahkan script dan style eksternal, karena website sudah menggunakan font awesome dan bootstrap3.[field title][/gemini][/savethepost]",Jasa Website Multi Bahasa,"Buat paragraf tentang [field title] dalam hubungannya tentang jasa website
[savethepost savepost=""post_excerpt""][gemini br=false model=""gemini-1.5-pro"" savepost=""showonly""]Buat paragraf tentang [field title] dalam hubungannya tentang jasa website[/gemini][/savethepost]",publish,"Buat sebuah kalimat tentang [field title] dalam hubungannya tentang jasa website
[savethepost savepost=""_wp_attachment_image_alt""][gemini br=false model=""gemini-1.5-pro"" savepost=""showonly""]Buat sebuah kalimat tentang [field title] dalam hubungannya tentang jasa website[/gemini][/savethepost]",21
167,"[savethepost savepost=""post_content""][gemini model=""gemini-1.5-pro"" br=""false"" savepost=""showonly""]Buat artikel menjelaskan pentingnya [field title] pada website
Jangan gunakan kontak.
Gunakan format html bootstrap 3, jangan gunakan tag <!DOCTYPE html>, <html>, <head>, <meta>,<title>,<body>, <h1> <header>,<footer>,<code>,<style>
Jangan tambahkan script dan style eksternal, karena website sudah menggunakan font awesome dan bootstrap3.[field title][/gemini][/savethepost]",Jasa Website Navigasi,"Buat paragraf tentang [field title] dalam hubungannya tentang jasa website
[savethepost savepost=""post_excerpt""][gemini br=false model=""gemini-1.5-pro"" savepost=""showonly""]Buat paragraf tentang [field title] dalam hubungannya tentang jasa website[/gemini][/savethepost]",publish,"Buat sebuah kalimat tentang [field title] dalam hubungannya tentang jasa website
[savethepost savepost=""_wp_attachment_image_alt""][gemini br=false model=""gemini-1.5-pro"" savepost=""showonly""]Buat sebuah kalimat tentang [field title] dalam hubungannya tentang jasa website[/gemini][/savethepost]",32
168,"[savethepost savepost=""post_content""][gemini model=""gemini-1.5-pro"" br=""false"" savepost=""showonly""]Buat artikel menjelaskan pentingnya [field title] pada website
Jangan gunakan kontak.
Gunakan format html bootstrap 3, jangan gunakan tag <!DOCTYPE html>, <html>, <head>, <meta>,<title>,<body>, <h1> <header>,<footer>,<code>,<style>
Jangan tambahkan script dan style eksternal, karena website sudah menggunakan font awesome dan bootstrap3.[field title][/gemini][/savethepost]",Jasa Website Payment Gateway,"Buat paragraf tentang [field title] dalam hubungannya tentang jasa website
[savethepost savepost=""post_excerpt""][gemini br=false model=""gemini-1.5-pro"" savepost=""showonly""]Buat paragraf tentang [field title] dalam hubungannya tentang jasa website[/gemini][/savethepost]",publish,"Buat sebuah kalimat tentang [field title] dalam hubungannya tentang jasa website
[savethepost savepost=""_wp_attachment_image_alt""][gemini br=false model=""gemini-1.5-pro"" savepost=""showonly""]Buat sebuah kalimat tentang [field title] dalam hubungannya tentang jasa website[/gemini][/savethepost]",22
169,"[savethepost savepost=""post_content""][gemini model=""gemini-1.5-pro"" br=""false"" savepost=""showonly""]Buat artikel menjelaskan pentingnya [field title] pada website
Jangan gunakan kontak.
Gunakan format html bootstrap 3, jangan gunakan tag <!DOCTYPE html>, <html>, <head>, <meta>,<title>,<body>, <h1> <header>,<footer>,<code>,<style>
Jangan tambahkan script dan style eksternal, karena website sudah menggunakan font awesome dan bootstrap3.[field title][/gemini][/savethepost]",Jasa Website Pendaftaran Keanggotaan,"Buat paragraf tentang [field title] dalam hubungannya tentang jasa website
[savethepost savepost=""post_excerpt""][gemini br=false model=""gemini-1.5-pro"" savepost=""showonly""]Buat paragraf tentang [field title] dalam hubungannya tentang jasa website[/gemini][/savethepost]",publish,"Buat sebuah kalimat tentang [field title] dalam hubungannya tentang jasa website
[savethepost savepost=""_wp_attachment_image_alt""][gemini br=false model=""gemini-1.5-pro"" savepost=""showonly""]Buat sebuah kalimat tentang [field title] dalam hubungannya tentang jasa website[/gemini][/savethepost]",23
170,"[savethepost savepost=""post_content""][gemini model=""gemini-1.5-pro"" br=""false"" savepost=""showonly""]Buat artikel menjelaskan pentingnya [field title] pada website
Jangan gunakan kontak.
Gunakan format html bootstrap 3, jangan gunakan tag <!DOCTYPE html>, <html>, <head>, <meta>,<title>,<body>, <h1> <header>,<footer>,<code>,<style>
Jangan tambahkan script dan style eksternal, karena website sudah menggunakan font awesome dan bootstrap3.[field title][/gemini][/savethepost]",Jasa Website Pendidikan Sekolah Kampus Webinar,"Buat paragraf tentang [field title] dalam hubungannya tentang jasa website
[savethepost savepost=""post_excerpt""][gemini br=false model=""gemini-1.5-pro"" savepost=""showonly""]Buat paragraf tentang [field title] dalam hubungannya tentang jasa website[/gemini][/savethepost]",publish,"Buat sebuah kalimat tentang [field title] dalam hubungannya tentang jasa website
[savethepost savepost=""_wp_attachment_image_alt""][gemini br=false model=""gemini-1.5-pro"" savepost=""showonly""]Buat sebuah kalimat tentang [field title] dalam hubungannya tentang jasa website[/gemini][/savethepost]",11
171,"[savethepost savepost=""post_content""][gemini model=""gemini-1.5-pro"" br=""false"" savepost=""showonly""]Buat artikel menjelaskan pentingnya [field title] pada website
Jangan gunakan kontak.
Gunakan format html bootstrap 3, jangan gunakan tag <!DOCTYPE html>, <html>, <head>, <meta>,<title>,<body>, <h1> <header>,<footer>,<code>,<style>
Jangan tambahkan script dan style eksternal, karena website sudah menggunakan font awesome dan bootstrap3.[field title][/gemini][/savethepost]",Jasa Website Portal Berita Hiburan,"Buat paragraf tentang [field title] dalam hubungannya tentang jasa website
[savethepost savepost=""post_excerpt""][gemini br=false model=""gemini-1.5-pro"" savepost=""showonly""]Buat paragraf tentang [field title] dalam hubungannya tentang jasa website[/gemini][/savethepost]",publish,"Buat sebuah kalimat tentang [field title] dalam hubungannya tentang jasa website
[savethepost savepost=""_wp_attachment_image_alt""][gemini br=false model=""gemini-1.5-pro"" savepost=""showonly""]Buat sebuah kalimat tentang [field title] dalam hubungannya tentang jasa website[/gemini][/savethepost]",10
172,"[savethepost savepost=""post_content""][gemini model=""gemini-1.5-pro"" br=""false"" savepost=""showonly""]Buat artikel menjelaskan pentingnya [field title] pada website
Jangan gunakan kontak.
Gunakan format html bootstrap 3, jangan gunakan tag <!DOCTYPE html>, <html>, <head>, <meta>,<title>,<body>, <h1> <header>,<footer>,<code>,<style>
Jangan tambahkan script dan style eksternal, karena website sudah menggunakan font awesome dan bootstrap3.[field title][/gemini][/savethepost]",Jasa Website Portofolio Galeri,"Buat paragraf tentang [field title] dalam hubungannya tentang jasa website
[savethepost savepost=""post_excerpt""][gemini br=false model=""gemini-1.5-pro"" savepost=""showonly""]Buat paragraf tentang [field title] dalam hubungannya tentang jasa website[/gemini][/savethepost]",publish,"Buat sebuah kalimat tentang [field title] dalam hubungannya tentang jasa website
[savethepost savepost=""_wp_attachment_image_alt""][gemini br=false model=""gemini-1.5-pro"" savepost=""showonly""]Buat sebuah kalimat tentang [field title] dalam hubungannya tentang jasa website[/gemini][/savethepost]",9
173,"[savethepost savepost=""post_content""][gemini model=""gemini-1.5-pro"" br=""false"" savepost=""showonly""]Buat artikel menjelaskan pentingnya [field title] pada website
Jangan gunakan kontak.
Gunakan format html bootstrap 3, jangan gunakan tag <!DOCTYPE html>, <html>, <head>, <meta>,<title>,<body>, <h1> <header>,<footer>,<code>,<style>
Jangan tambahkan script dan style eksternal, karena website sudah menggunakan font awesome dan bootstrap3.[field title][/gemini][/savethepost]",Jasa Website Slideshow Hero Banner,"Buat paragraf tentang [field title] dalam hubungannya tentang jasa website
[savethepost savepost=""post_excerpt""][gemini br=false model=""gemini-1.5-pro"" savepost=""showonly""]Buat paragraf tentang [field title] dalam hubungannya tentang jasa website[/gemini][/savethepost]",publish,"Buat sebuah kalimat tentang [field title] dalam hubungannya tentang jasa website
[savethepost savepost=""_wp_attachment_image_alt""][gemini br=false model=""gemini-1.5-pro"" savepost=""showonly""]Buat sebuah kalimat tentang [field title] dalam hubungannya tentang jasa website[/gemini][/savethepost]",27
